id;veroeffentlicht;titel;auftraggeber;ort;wert_eur;frist;cpv;score;url
519810-2026;2026-07-27T22:00:00.000Z;"Deutschland – Anpflanzungs- und Pflegearbeiten an Grünflächen – Bundes- und Landesstraßen im Landkreis Wartburgkreis; Grasmahd - Jahresvertrag 2027/2028";Thüringer Landesamt für Bau und Verkehr, Referat 45 - Region Südwest;Zella-Mehlis;790967.71;2026-08-27T11:30:00.000Z;77310000;95;https://ted.europa.eu/bg/notice/-/detail/519810-2026
520313-2026;2026-07-27T22:00:00.000Z;"Deutschland – Anpflanzungs- und Pflegearbeiten an Grünflächen – Bundes- und Landesstraßen im Landkreis Hildburghausen und Sonneberg; Grasmahd - Jahresvertrag 2027/2028";Thüringer Landesamt für Bau und Verkehr, Referat 45 - Region Südwest;Zella-Mehlis;721972.27;2026-08-27T08:00:00.000Z;77310000;95;https://ted.europa.eu/bg/notice/-/detail/520313-2026
520890-2026;2026-07-27T22:00:00.000Z;"Deutschland – Anpflanzungs- und Pflegearbeiten an Grünflächen – Bundes- und Landesstraßen im Landkreis Schmalkalden-Meiningen; Grasmahd - Jahresvertrag 2027/2028";Thüringer Landesamt für Bau und Verkehr, Referat 45 - Region Südwest;Zella-Mehlis;492448.32;2026-08-27T09:00:00.000Z;77310000;95;https://ted.europa.eu/bg/notice/-/detail/520890-2026
520867-2026;2026-07-27T22:00:00.000Z;Deutschland – Anpflanzungs- und Pflegearbeiten an Grünflächen – Rahmenvereinbarung zur Außen- und Vegetationspflege an diversen Standorten;AOK NordWest - Die Gesundheitskasse.;Hagen;;2026-08-20T08:00:00.000Z;77310000 77300000 77340000;83;https://ted.europa.eu/bg/notice/-/detail/520867-2026
522309-2026;2026-07-27T22:00:00.000Z;"Deutschland – Komplett- oder Teilbauleistungen im Hochbau sowie Tiefbauarbeiten – ÖPP-Projekt „Postblockareal Nord (PBN), Berlin-Mitte | Neubau für ministerielle Nutzung"" - VOEK 637-25";Bundesanstalt für Immobilienaufgaben;Bonn;;2026-09-15T07:00:00.000Z;77310000;83;https://ted.europa.eu/bg/notice/-/detail/522309-2026
522392-2026;2026-07-27T22:00:00.000Z;Deutschland – Landschaftsgärtnerische Bauleistungen für Grünanlagen – 62-2026-505-EA Landschaftsbauarbeiten DIN 18320 ff. und Wegebauarbeiten DIN 18318ff.;Stadt Regensburg;Regensburg;;2026-08-28T08:00:00.000Z;45112710;83;https://ted.europa.eu/bg/notice/-/detail/522392-2026
519890-2026;2026-07-27T22:00:00.000Z;Deutschland – Landschaftsgärtnerische Bauleistungen für Sport- und Freizeitanlagen – Erneuerung der Grünanlagen im Ferdinand-Drexler-Weg BA II Bikepark;Stadt Nürnberg - Servicebetrieb Öffentlicher Raum;Nürnberg;160000;;45112710 45112720 45112700 45112723;80;https://ted.europa.eu/bg/notice/-/detail/519890-2026
521279-2026;2026-07-27T22:00:00.000Z;Deutschland – Grundstückspflege – Pflege Außenanlagen Schierke;Berufsgenossenschaft Holz und Metall;Mainz;255000;;77314000 77310000 77313000 77312000;80;https://ted.europa.eu/bg/notice/-/detail/521279-2026
521836-2026;2026-07-27T22:00:00.000Z;Deutschland – Landschaftsgärtnerische Arbeiten – Neubau einer Pflegeeinrichtung: Landschaftsbauarbeiten;Landkreis Osterholz;Osterholz-Scharmbeck;0;2026-08-11T09:00:00.000Z;45112710 45112700 45112712;75;https://ted.europa.eu/bg/notice/-/detail/521836-2026
519345-2026;2026-07-27T22:00:00.000Z;Deutschland – Grundstückspflege – Pflege Außenanlagen & Winterdienst;Universität Duisburg-Essen;Duisburg;;;77314000;68;https://ted.europa.eu/bg/notice/-/detail/519345-2026
520608-2026;2026-07-27T22:00:00.000Z;Deutschland – Dachabdichtungs- und -dämmarbeiten – Erweiterung der Berufsschule München Land mit Neubau einer Sporthalle und Wohnungen VE306 Dachdeckungs- und Dachabdichtungsarbeiten;Landratsamt München - Zentrale Vergabestelle und Einkauf;München;;2026-09-08T07:00:00.000Z;45112713;63;https://ted.europa.eu/bg/notice/-/detail/520608-2026
516883-2026;2026-07-26T22:00:00.000Z;Deutschland – Bauarbeiten für Rohrleitungen – Campus IBA-Terrassen - Außenanlagen und technische Anlagen in AA;Stadt Großräschen;Großräschen;;2026-09-01T07:00:00.000Z;45112710 45112700;83;https://ted.europa.eu/bg/notice/-/detail/516883-2026
517398-2026;2026-07-26T22:00:00.000Z;Deutschland – Dienstleistungen im Gartenbau – Freilandschauen der Landesgartenschau 2027 - Anpflanzungs- und Pflegearbeiten;Landesgartenschau 2027 Wittenberge gGmbH;Wittenberge;;2026-08-25T10:00:00.000Z;77300000 77310000;83;https://ted.europa.eu/bg/notice/-/detail/517398-2026
517561-2026;2026-07-26T22:00:00.000Z;"Deutschland – Landschaftsgärtnerische Arbeiten – 2026-0394 Planung, Herstellung, Lieferung und Montage von Spielgeräten für das Projekt ""2. & 3. BA Stadtpark Hochheide""";DEG Duisburger Einkaufsgesellschaft mbH;Duisburg;;2026-09-01T08:00:00.000Z;45112710 45112700 45112720 45112723;83;https://ted.europa.eu/bg/notice/-/detail/517561-2026
514193-2026;2026-07-23T22:00:00.000Z;Deutschland – Landschaftsgärtnerische Bauleistungen für Grünanlagen – Natur und Landschaft / Neugestaltung Willy-Brandt-Park Bauabschnitt 03 - Garten- und Landschaftsbauarbeiten;Stadt Norderstedt - Die Oberbürgermeisterin;Norderstedt;;2026-08-25T08:00:00.000Z;45112710;83;https://ted.europa.eu/bg/notice/-/detail/514193-2026
514628-2026;2026-07-23T22:00:00.000Z;"Deutschland – Landschaftsgärtnerische Arbeiten – 2026-0372 Durchführung von Bauleistungen für das Projekt ""Stadtpark Hochheide - GaLa-Bauarbeiten"" Los 1 (2. BA) sowie Los 2 (3. BA)";DEG Duisburger Einkaufsgesellschaft mbH;Duisburg;;2026-08-18T08:00:00.000Z;45112710 45112700 45112720;83;https://ted.europa.eu/bg/notice/-/detail/514628-2026
515112-2026;2026-07-23T22:00:00.000Z;Deutschland – Bauarbeiten – Lahnuferpromenade Hausertorbrücke;Magistrat der Stadt Wetzlar;Wetzlar;;;45112710;68;https://ted.europa.eu/bg/notice/-/detail/515112-2026
513852-2026;2026-07-23T22:00:00.000Z;Deutschland – Bauleistungen im Hochbau – Jülich - Neubau Brainergy HUB - Dachbegrünung - VE 502;Brainergy Park Jülich GmbH;Jülich;;2026-08-26T12:00:00.000Z;45112713;63;https://ted.europa.eu/bg/notice/-/detail/513852-2026
513979-2026;2026-07-23T22:00:00.000Z;Deutschland – Bauleistungen im Hochbau – Jülich - Neubau Brainergy HUB - GaLaBau Mitte/Nord - VE 503;Brainergy Park Jülich GmbH;Jülich;;2026-08-26T12:00:00.000Z;45112712;63;https://ted.europa.eu/bg/notice/-/detail/513979-2026
513682-2026;2026-07-23T22:00:00.000Z;Deutschland – Landschaftsgärtnerische Arbeiten – 301_2-501 RBB Neugestaltung Tribünenanlage am Baldeneysee in Essen - hier: GaLaBauarbeiten;Sport- und Bäderbetriebe Essen, Verfahrensbegleitung durch die GVE Grundstücksverwaltung Stadt Essen GmbH;Essen;;2026-07-30T08:00:00.000Z;45112700 45112720 77314100;48;https://ted.europa.eu/bg/notice/-/detail/513682-2026
509311-2026;2026-07-22T22:00:00.000Z;"Deutschland – Komplett- oder Teilbauleistungen im Hochbau sowie Tiefbauarbeiten – ÖPP-Projekt „Postblockareal Nord (PBN), Berlin-Mitte | Neubau für ministerielle Nutzung"" - VOEK 637-25";Bundesanstalt für Immobilienaufgaben;Bonn;;2026-09-15T07:00:00.000Z;77310000;83;https://ted.europa.eu/bg/notice/-/detail/509311-2026
510368-2026;2026-07-22T22:00:00.000Z;Deutschland – Landschaftsgärtnerische Bauleistungen für Grünanlagen – Außenanlagen - Neubau Chemie, Geb. 4277, Konstantin-Uhde-Str. 18, 38106 Braunschweig;Technische Universität Braunschweig, Geschäftsbereich 3 - Gebäudemanagement;Braunschweig;1202288.68;;45112710;80;https://ted.europa.eu/bg/notice/-/detail/510368-2026
511826-2026;2026-07-22T22:00:00.000Z;Deutschland – Straßenreinigung – Reinigung und Pflege von Grünanlagen und Straßenbegleitgrün;Landeshauptstadt Stuttgart, Haupt- und Personalamt, Abt. Allgemeiner Service, Zentraler Einkauf;Stuttgart;;2026-07-30T10:00:00.000Z;77310000;68;https://ted.europa.eu/bg/notice/-/detail/511826-2026
505315-2026;2026-07-21T22:00:00.000Z;Deutschland – Landschaftsgärtnerische Bauleistungen für Grünanlagen – Rahmenvereinbarung GaLaBau 2026-2027_Bezirk OST;Stadt Frankfurt am Main, Grünflächenamt;Frankfurt am Main;;2026-08-04T07:00:00.000Z;45112710 45112730 45112700;68;https://ted.europa.eu/bg/notice/-/detail/505315-2026
508446-2026;2026-07-21T22:00:00.000Z;Deutschland – Anpflanzungs- und Pflegearbeiten an Grünflächen – OV Herbstmahd, SM Bad Freienwalde 2026;Landesbetrieb Straßenwesen Brandenburg Dienststätte Eberswalde;Hoppegarten;;;77310000;68;https://ted.europa.eu/bg/notice/-/detail/508446-2026
505708-2026;2026-07-21T22:00:00.000Z;Deutschland – Landschaftsgärtnerische Bauleistungen für Dachbegrünungen – Erweiterung Klinikum Crailsheim: BA II - Dachbegrünung;Landratsamt Schwäbisch Hall, Technisches Gebäudemanagement;Schwäbisch Hall;;2026-08-21T08:00:00.000Z;45112713;63;https://ted.europa.eu/bg/notice/-/detail/505708-2026
505959-2026;2026-07-21T22:00:00.000Z;Deutschland – Dachdeckarbeiten – Dachdeckungsarbeiten;Landeshauptstadt Hannover - Fachbereich Gebäudemanagement;Hannover;;2026-08-28T07:00:00.000Z;45112713;63;https://ted.europa.eu/bg/notice/-/detail/505959-2026
505844-2026;2026-07-21T22:00:00.000Z;Deutschland – Landschaftsgärtnerische Arbeiten – GaLaBauarbeiten;Sprinkenhof GmbH;Hamburg;;2026-08-04T10:00:00.000Z;45112700 45112712;48;https://ted.europa.eu/bg/notice/-/detail/505844-2026
506421-2026;2026-07-21T22:00:00.000Z;Deutschland – Dachdeckarbeiten – Dacharbeiten und Dachbegrünung;Handwerkskammer Niederbayern-Oberpfalz;Regensburg;;2026-07-28T11:00:00.000Z;45112713;43;https://ted.europa.eu/bg/notice/-/detail/506421-2026
504684-2026;2026-07-20T22:00:00.000Z;Deutschland – Grundstückspflege – Deichunterhaltung Grasmahd/Hutung 2027-2030;Thüringer Landesamt für Umwelt, Bergbau und Naturschutz;Jena;;2026-09-15T08:00:00.000Z;77314000;83;https://ted.europa.eu/bg/notice/-/detail/504684-2026
502297-2026;2026-07-20T22:00:00.000Z;Deutschland – Dienstleistungen im Gartenbau – Unterhaltspflege im Garten- und Landschaftsbau - Kontrollabschnitt 1;Die Autobahn GmbH des Bundes - NL Ost;Halle (Saale);770490.57;;77300000 77314000 77340000 77342000 77341000;80;https://ted.europa.eu/bg/notice/-/detail/502297-2026
504668-2026;2026-07-20T22:00:00.000Z;Deutschland – Anpflanzungs- und Pflegearbeiten an Grünflächen – Verkehrsgrün - Pflegeleistungen;Landeshauptstadt Erfurt, Stadtverwaltung, Stadtkämmerei, Verdingungsstelle;Erfurt;;;77310000;68;https://ted.europa.eu/bg/notice/-/detail/504668-2026
503124-2026;2026-07-20T22:00:00.000Z;Deutschland – Landschaftsgärtnerische Bauleistungen für Gartenanlagen – Gewerbezentrum Alanbrooke Paderborn mit dem Schwerpunkt Kreativwirtschaft;Alanbrooke Block 4 UG (haftungsbeschränkt);Paderborn;;2026-08-20T08:00:00.000Z;45112712;63;https://ted.europa.eu/bg/notice/-/detail/503124-2026
503744-2026;2026-07-20T22:00:00.000Z;Deutschland – Anpflanzungs- und Pflegearbeiten an Grünflächen – Rahmenvertrag zur Unterhaltung öffentlicher Grünflächen;Rennbahngemeinde Hoppegarten;Hoppegarten;;2026-07-24T08:00:00.000Z;77310000 77340000;63;https://ted.europa.eu/bg/notice/-/detail/503744-2026
498124-2026;2026-07-19T22:00:00.000Z;Deutschland – Grundstückspflege – Grünflächenpflege der Betriebsgelände des Wasserstraßen- und Schifffahrtsamtes Spree Havel, Außenbezirk Neukölln 2026-28;Wasserstraßen- und Schifffahrtsamt Spree Havel;Berlin;;2026-08-19T08:00:00.000Z;77314000;83;https://ted.europa.eu/bg/notice/-/detail/498124-2026
498761-2026;2026-07-19T22:00:00.000Z;Deutschland – Landschaftsgärtnerische Bauleistungen für Grünanlagen – Garten- und Landschaftsbauarbeiten;Senatsverwaltung für Stadtentwicklung, Bauen und Wohnen, V M 1 - Vergabestelle für den Öffentlichen Hochbau;Berlin;;2026-08-25T11:30:00.000Z;45112710;83;https://ted.europa.eu/bg/notice/-/detail/498761-2026
498904-2026;2026-07-19T22:00:00.000Z;"Deutschland – Landschaftsgärtnerische Arbeiten – 2026-0372 Durchführung von Bauleistungen für das Projekt ""Stadtpark Hochheide - GaLa-Bauarbeiten"" Los 1 (2. BA) sowie Los 2 (3. BA)";DEG Duisburger Einkaufsgesellschaft mbH;Duisburg;;2026-08-18T08:00:00.000Z;45112710 45112700 45112720;83;https://ted.europa.eu/bg/notice/-/detail/498904-2026
501203-2026;2026-07-19T22:00:00.000Z;Deutschland – Anpflanzungs- und Pflegearbeiten an Grünflächen – Grünanlagenpflege für Helmholtz Munich und Bundesamt für Strahlenschutz;Helmholtz Zentrum München Deutsches Forschungszentrum für Gesundheit und Umwelt (GmbH);Neuherberg;;2026-08-17T09:00:00.000Z;77310000;83;https://ted.europa.eu/bg/notice/-/detail/501203-2026
501401-2026;2026-07-19T22:00:00.000Z;"Deutschland – Landschaftsgärtnerische Arbeiten – 2026-0394 Planung, Herstellung, Lieferung und Montage von Spielgeräten für das Projekt ""2. & 3. BA Stadtpark Hochheide""";DEG Duisburger Einkaufsgesellschaft mbH;Duisburg;;2026-08-18T08:00:00.000Z;45112710 45112700 45112720 45112723;83;https://ted.europa.eu/bg/notice/-/detail/501401-2026
499414-2026;2026-07-19T22:00:00.000Z;Deutschland – Dienstleistungen im Gartenbau – Mäh-,Krautungs- und Pflegearbeiten im Bereich der Dammstrecken und Betriebsgelände des Außenbezirkes Parchim für die Jahre 2026 bis 2028;Wasserstraßen- und Schifffahrtsamt Elbe;Magdeburg;820145.39;;77300000;80;https://ted.europa.eu/bg/notice/-/detail/499414-2026
501216-2026;2026-07-19T22:00:00.000Z;Deutschland – Dienstleistungen im Gartenbau – Mäharbeiten am Mittellandkanal sowie Stichkanal Linden und Verbindungskanal zur Leine 2026-2029;Wasserstraßen- und Schifffahrtsamt Mittellandkanal / Elbe-Seitenkanal;Braunschweig;418544.02;;77300000;80;https://ted.europa.eu/bg/notice/-/detail/501216-2026
496308-2026;2026-07-16T22:00:00.000Z;Deutschland – Anpflanzungs- und Pflegearbeiten an Grünflächen – Wartung und Pflege von extensiv begrünten Dachflächen;Landeshauptstadt Hannover - Fachbereich Gebäudemanagement;Hannover;875405;2026-08-17T11:30:00.000Z;77310000;95;https://ted.europa.eu/bg/notice/-/detail/496308-2026
496589-2026;2026-07-16T22:00:00.000Z;Deutschland – Grundstückspflege – Grau und Grünpflege Zentrale Ginnheim und HV Hessen;Deutsche Bundesbank, Zentralbereich Beschaffungen;Frankfurt am Main;521008.4;2026-08-17T09:00:00.000Z;77314000;95;https://ted.europa.eu/bg/notice/-/detail/496589-2026
495896-2026;2026-07-16T22:00:00.000Z;Deutschland – Anpflanzungs- und Pflegearbeiten an Grünflächen – Rahmenvereinbarung zur Außen- und Vegetationspflege an diversen Standorten;AOK NordWest - Die Gesundheitskasse.;Hagen;;2026-08-20T08:00:00.000Z;77310000 77300000 77340000;83;https://ted.europa.eu/bg/notice/-/detail/495896-2026
496460-2026;2026-07-16T22:00:00.000Z;Deutschland – Grundstückspflege – 26-0052_S_Geländepflege OP;Deutsches Zentrum für Luft-und Raumfahrt e. V. | TI-ZVM;Braunschweig;;2026-08-14T08:00:00.000Z;77314000 77340000 77310000;83;https://ted.europa.eu/bg/notice/-/detail/496460-2026
496863-2026;2026-07-16T22:00:00.000Z;Deutschland – Landschaftsgärtnerische Bauleistungen für Grünanlagen – Umgestaltung Odilienplatz-Weinligplatz - Garten- und Landschaftsbau, 1. Bauabschnitt;Stadt Dillingen/Saar;Dillingen/Saar;;2026-08-27T08:30:00.000Z;45112710;83;https://ted.europa.eu/bg/notice/-/detail/496863-2026
497259-2026;2026-07-16T22:00:00.000Z;Deutschland – Grundstückspflege – Offenes Verfahren (EU-weit) zur Vergabe von Grünpflege und Grauflächenreinigungsleistungen für 7 Bundesliegenschaften in München und Umgebung, Bundesanstalt für Immobilienaufgaben, Sparte Wohnen Regionalbereich Süd und Direktion München - VOEK 007-26 -;Bundesanstalt für Immobilienaufgaben;Bonn;;2026-09-01T07:00:00.000Z;77314000 77310000 77300000 77342000;83;https://ted.europa.eu/bg/notice/-/detail/497259-2026
494496-2026;2026-07-16T22:00:00.000Z;Deutschland – Anpflanzungs- und Pflegearbeiten an Grünflächen – Pflegemahd AWF 2026 28 Lkrs Neuburg;Staatliches Bauamt Ingolstadt;Ingolstadt;519312.63;;77310000;80;https://ted.europa.eu/bg/notice/-/detail/494496-2026
494673-2026;2026-07-16T22:00:00.000Z;Deutschland – Anpflanzungs- und Pflegearbeiten an Grünflächen – Pflegemahd AWF 2026 28 Lkrs PAF;Staatliches Bauamt Ingolstadt;Ingolstadt;374147.8;;77310000;80;https://ted.europa.eu/bg/notice/-/detail/494673-2026
495379-2026;2026-07-16T22:00:00.000Z;Deutschland – Anpflanzungs- und Pflegearbeiten an Grünflächen – Unterhaltungspfelge von Außenanlagen - SLUB Zentralbibliothek Dresden;Staatsbetrieb Sächsisches Immobilien- und Baumanagement, Zentrale, Zentralstelle Vergabe- und Vertragsmanagement;Dresden;170373.72;;77310000 77314000 77312100 77342000;80;https://ted.europa.eu/bg/notice/-/detail/495379-2026
494983-2026;2026-07-16T22:00:00.000Z;Deutschland – Dachabdichtungs- und -dämmarbeiten – 118 KliPrien BA3 - RoMed Klinik Prien am Chiemsee-Erneuerung Funktionsbau - 118-3340 Dachabdichtung;Kliniken der Stadt und des Lkr. Rosenheim GmbH;Rosenheim;;2026-09-09T12:00:00.000Z;45112713;63;https://ted.europa.eu/bg/notice/-/detail/494983-2026
497774-2026;2026-07-16T22:00:00.000Z;Deutschland – Dachdeckarbeiten – Vilbeler Straße 38, Feuerwehrhaus Ober-Erlenbach - Dachdeckerarbeiten inkl. Gründachherstellung;Stadt Bad Homburg v. d. Höhe - Der Magistrat, Fachbereich Recht - Vergabestelle -;Bad Homburg v. d. Höhe;;;45112713;48;https://ted.europa.eu/bg/notice/-/detail/497774-2026
490835-2026;2026-07-15T22:00:00.000Z;Deutschland – Bauarbeiten für Wasser- und Abwasserrohrleitungen – Erdbau, Grund-/Medienleitungen, Außenanlagen - EX-Post;Kreisausschuss Main-Taunus-Kreis, Hochbau- und Liegenschaftsamt;Hofheim am Taunus;319693.5;;45112710;80;https://ted.europa.eu/bg/notice/-/detail/490835-2026
492935-2026;2026-07-15T22:00:00.000Z;Deutschland – Anpflanzungs- und Pflegearbeiten an Grünflächen – Rahmenvertrag Mahd des Straßenbegleitgrüns;Rennbahngemeinde Hoppegarten;Hoppegarten;666628;;77310000 77300000;80;https://ted.europa.eu/bg/notice/-/detail/492935-2026
493707-2026;2026-07-15T22:00:00.000Z;Deutschland – Anpflanzungs- und Pflegearbeiten an Grünflächen – Pflegemahd AWF 2026 28 Lkrs EI;Staatliches Bauamt Ingolstadt;Ingolstadt;627317.33;;77310000;80;https://ted.europa.eu/bg/notice/-/detail/493707-2026
491840-2026;2026-07-15T22:00:00.000Z;Deutschland – Dienstleistungen im Gartenbau – RV Landschaftspflege;Bundeswehr-Dienstleistungszentrum Bergen;Lohheide;;;77300000 77211500 77310000;68;https://ted.europa.eu/bg/notice/-/detail/491840-2026
492592-2026;2026-07-15T22:00:00.000Z;Deutschland – Baumpflege – Massariakontrolle und Kronenpflege entlang der Ruhrbahn-Oberleitungen 2026-2029;Grün und Gruga;Essen;;;77211500;68;https://ted.europa.eu/bg/notice/-/detail/492592-2026
490893-2026;2026-07-15T22:00:00.000Z;Deutschland – Landschaftsgärtnerische Bauleistungen für Gartenanlagen – Aufforstung auf der Kläranlage Hamm-West;Lippeverband;Essen;;2026-09-01T09:30:00.000Z;45112712;63;https://ted.europa.eu/bg/notice/-/detail/490893-2026
491417-2026;2026-07-15T22:00:00.000Z;Deutschland – Bauarbeiten – Stadt Hemmingen - GS Arnum - Dachabdichtungsarbeiten;Stadt Hemmingen;Hemmingen;;2026-09-07T08:00:00.000Z;45112713;63;https://ted.europa.eu/bg/notice/-/detail/491417-2026
492642-2026;2026-07-15T22:00:00.000Z;Deutschland – Landschaftsgärtnerische Arbeiten – 116 CSD Caritas-Förderzentren St. Severin und Don Bosco - Ersatzneubau 116-5001 BA1 Freianlagen;Caritasverband für die Diözese Passau e.V.;Passau;;2026-08-18T08:00:00.000Z;45112700 77314100;63;https://ted.europa.eu/bg/notice/-/detail/492642-2026
491000-2026;2026-07-15T22:00:00.000Z;Deutschland – Dachabdichtungs- und -dämmarbeiten – HWK DO VE318 H7 Dachabdichtung und -begrünung;Handwerkskammer Dortmund;Dortmund;342811.08;;45112713;60;https://ted.europa.eu/bg/notice/-/detail/491000-2026
490559-2026;2026-07-15T22:00:00.000Z;Deutschland – Dachabdichtungs- und -dämmarbeiten – Dachabdichtungsarbeiten 70-00482-2180-305 - PR1190654-2180-B;Fraunhofer-Gesellschaft zur Förderung der angewandten Forschung e.V. - Einkauf B12 - Vergabestelle Bau;München;;;45112713;48;https://ted.europa.eu/bg/notice/-/detail/490559-2026
491740-2026;2026-07-15T22:00:00.000Z;Deutschland – Landschaftsgärtnerische Arbeiten – GaLaBauarbeiten;Sprinkenhof GmbH;Hamburg;12611340;2026-07-27T10:00:00.000Z;45112700 45112712;45;https://ted.europa.eu/bg/notice/-/detail/491740-2026
487829-2026;2026-07-14T22:00:00.000Z;Deutschland – Dienstleistungen in Landwirtschaft, Forstwirtschft, Gartenbau, Aquakultur und Bienenzucht – Auftragsänderung: Trassenpflegemaßnahmen verschiedener Höchstspannungsleitungen der TenneT TSO GmbH im Zuständigkeitsbereich des Betriebszentrums Lehrte und des Betriebszentrums Bayreuth 2023 - 2028;TenneT TSO GmbH;Bayreuth;;;77340000 77211000;68;https://ted.europa.eu/bg/notice/-/detail/487829-2026
490271-2026;2026-07-14T22:00:00.000Z;Deutschland – Dienstleistungen in Landwirtschaft, Forstwirtschft, Gartenbau, Aquakultur und Bienenzucht – Auftragsänderung: Trassenpflegemaßnahmen verschiedener Höchstspannungsleitungen der TenneT TSO GmbH im Zuständigkeitsbereich des Betriebszentrums Lehrte und des Betriebszentrums Bayreuth 2025 - 2030;TenneT TSO GmbH;Bayreuth;;;77340000 77211000;68;https://ted.europa.eu/bg/notice/-/detail/490271-2026
490379-2026;2026-07-14T22:00:00.000Z;Deutschland – Dienstleistungen in Landwirtschaft, Forstwirtschft, Gartenbau, Aquakultur und Bienenzucht – Auftragsänderung: Trassenpflegemaßnahmen verschiedener Höchstspannungsleitungen der TenneT TSO GmbH im Zuständigkeitsbereich des Betriebszentrums Lehrte und des Betriebszentrums Bayreuth 2024 - 2029;TenneT TSO GmbH;Bayreuth;;;77340000 77211000;68;https://ted.europa.eu/bg/notice/-/detail/490379-2026
488334-2026;2026-07-14T22:00:00.000Z;Deutschland – Anpflanzungs- und Pflegearbeiten an Grünflächen – Rahmenvereinbarung zur Pflege der Außenanlagen im Stadtgebiet Hamm;Stadt Hamm, Bauverwaltungsamt, Zentrales Beschaffungsmanagement;Hamm;;2026-07-15T04:00:00.000Z;77310000 77312000 77313000;63;https://ted.europa.eu/bg/notice/-/detail/488334-2026
487615-2026;2026-07-14T22:00:00.000Z;Deutschland – Dachabdichtungs- und -dämmarbeiten – Dachabdichtung;Handwerkskammer Ostwestfalen-Lippe zu Bielefeld;Bielefeld;1896859.33;;45112713;60;https://ted.europa.eu/bg/notice/-/detail/487615-2026
489924-2026;2026-07-14T22:00:00.000Z;Deutschland – Baumpflege – Baumpflegearbeiten, Rahmenvereinbarung;Stadt Fürth;Fürth;41159.4;;77211500;60;https://ted.europa.eu/bg/notice/-/detail/489924-2026
487036-2026;2026-07-13T22:00:00.000Z;Deutschland – Baumpflege – Jährliche Baumpflegearbeiten im Stadtgebiet und den Teilortsgemeinden (Rahmenvereinbarung);Stadt Rotenburg (Wümme);Rotenburg (Wümme);352856;2026-08-12T08:00:00.000Z;77211500;95;https://ted.europa.eu/bg/notice/-/detail/487036-2026
483867-2026;2026-07-13T22:00:00.000Z;Deutschland – Landschaftsgärtnerische Bauleistungen für Grünanlagen – Wirtschaftshof und Zufahrt West;Klinikverbund Südwest gGmbH im Namen und auf Rechnung für den Eigenbetrieb Gebäudemanagement des Landkreises Böblingen;Böblingen;;2026-08-13T08:30:00.000Z;45112710;83;https://ted.europa.eu/bg/notice/-/detail/483867-2026
486863-2026;2026-07-13T22:00:00.000Z;Deutschland – Reinigung und Sanierung des städtischen und ländlichen Raumes, und zugehörige Dienstleistungen – Gehölzschnitt 2026-2030;Vergabe und Beschaffungszentrum Dortmund;Dortmund;;2026-08-13T18:00:00.000Z;45112710 77300000 77340000 45112700 45112711;83;https://ted.europa.eu/bg/notice/-/detail/486863-2026
487055-2026;2026-07-13T22:00:00.000Z;Deutschland – Bau von Grundschulen – Neubau einer zweizügigen Grundschule mit Hort und Einfeldsporthalle Los100 Außenanlagen;Gemeinde Neukirchen im Erzgebirge;Neukirchen / Erzgebirge;;2026-08-13T08:00:00.000Z;45112710;83;https://ted.europa.eu/bg/notice/-/detail/487055-2026
486592-2026;2026-07-13T22:00:00.000Z;Deutschland – Grundstückspflege – Pflege Außenanlage Sennfeld;Berufsgenossenschaft Holz und Metall;Mainz;192000;;77314000 77310000 77313000 77312000;80;https://ted.europa.eu/bg/notice/-/detail/486592-2026
484537-2026;2026-07-13T22:00:00.000Z;Deutschland – Bau von Konstruktionen und baulichen Anlagen – Nationales Hockey-Trainingszentrum Kaltlufthalle - Hallenbauwerk - VE3-03;EWMG – Entwicklungsgesellschaft der Stadt Mönchengladbach mbH;Mönchengladbach;;2026-08-03T09:00:00.000Z;45112713;48;https://ted.europa.eu/bg/notice/-/detail/484537-2026
480911-2026;2026-07-12T22:00:00.000Z;Deutschland – Anpflanzungs- und Pflegearbeiten an Grünflächen – Pflege von öffentlichen Grünanlagen und Spielplätzen der Stadt Bernau bei Berlin;Stadt Bernau bei Berlin;Bernau bei Berlin;;2026-08-13T08:00:00.000Z;77310000;83;https://ted.europa.eu/bg/notice/-/detail/480911-2026
481853-2026;2026-07-12T22:00:00.000Z;Deutschland – Bauarbeiten – 1H0029, Neubau 4-gruppige KITA St. Pius, Bad Neuenahr-Ahrweiler, LOS 19 Außenanlagen 2. BA;Aufbau- und Entwicklungsgesellschaft Bad Neuenahr-Ahrweiler mbH;Bad Neuenahr-Ahrweiler;;2026-08-11T12:00:00.000Z;45112710;83;https://ted.europa.eu/bg/notice/-/detail/481853-2026
483738-2026;2026-07-12T22:00:00.000Z;Deutschland – Landschaftsgärtnerische Bauleistungen für Grünanlagen – Grundschule 43 - Landschaftsbauarbeiten;Landeshauptstadt Erfurt, Stadtverwaltung, Stadtkämmerei-Verdingungsstelle;Erfurt;;2026-08-12T08:00:00.000Z;45112710;83;https://ted.europa.eu/bg/notice/-/detail/483738-2026
483561-2026;2026-07-12T22:00:00.000Z;Deutschland – Straßenpflaster- und Asphaltarbeiten – Vorinformation 10627 E9 0001 - Hochschule für Bildende Künste (HBK) Braunschweig - Ersatzneubau Ateliergebäude;Land Niedersachsen vertreten durch das Staatliche Baumanagement Niedersachsen;Braunschweig;18000000;;45112710;70;https://ted.europa.eu/bg/notice/-/detail/483561-2026
482853-2026;2026-07-12T22:00:00.000Z;Deutschland – Bauarbeiten – LK Aurich - Außenanlagen - Conerus-Schule (BBS) Norden;Landkreis Aurich - Technisches Gebäudemanagement;Aurich (Ostfriesland);;2026-07-29T09:00:00.000Z;45112710 45112700;63;https://ted.europa.eu/bg/notice/-/detail/482853-2026
483355-2026;2026-07-12T22:00:00.000Z;Deutschland – Dienstleistungen im Gartenbau – RVE Schreddern und Entsorgung von Grünabfällen Bezirk 4 2026-27;Umweltbetrieb Bremen;Bremen;;;77300000;68;https://ted.europa.eu/bg/notice/-/detail/483355-2026
483773-2026;2026-07-12T22:00:00.000Z;Deutschland – Gestrüppentfernungsarbeiten – Kreuzungsfreier Ausbau Frankenschnellweg, Abschnitt West: Vorabmaßnahme Fällungen;Stadt Nürnberg - Servicebetrieb Öffentlicher Raum;Nürnberg;;2026-08-04T07:00:00.000Z;77211500 77211100 77211400;68;https://ted.europa.eu/bg/notice/-/detail/483773-2026
477048-2026;2026-07-09T22:00:00.000Z;Deutschland – Anpflanzungs- und Pflegearbeiten an Grünflächen – Pflege von öffentlichen Grünflächen und Spielplätzen der Stadt Bernau bei Berlin;Stadt Bernau bei Berlin;Bernau bei Berlin;;2026-08-12T08:00:00.000Z;77310000;83;https://ted.europa.eu/bg/notice/-/detail/477048-2026
479239-2026;2026-07-09T22:00:00.000Z;Deutschland – Baumpflege – Verkehrssicherungsarbeiten;Landesbetrieb Forst Brandenburg - Vergabemanagement Standort Eberswalde;Eberswalde;;2026-08-07T10:00:00.000Z;77211500;68;https://ted.europa.eu/bg/notice/-/detail/479239-2026
476477-2026;2026-07-09T22:00:00.000Z;Deutschland – Dienstleistungen im Gartenbau – Geländepflege an der Außenstelle Stuttgart des Deutschen Wetterdienstes (DWD);Deutscher Wetterdienst;Offenbach am Main;137705.5;;77300000;80;https://ted.europa.eu/bg/notice/-/detail/476477-2026
478904-2026;2026-07-09T22:00:00.000Z;Deutschland – Dienstleistungen im Gartenbau – Landschaftspflegeleistung AWF 26 bis 28;Staatliches Bauamt Rosenheim;Rosenheim;431223.73;;77300000;80;https://ted.europa.eu/bg/notice/-/detail/478904-2026
477486-2026;2026-07-09T22:00:00.000Z;Deutschland – Pflege von Friedhofsanlagen – Dauergrabgepflegtes Grabfeld: Erweiterung Heger Friedhof Stadt Osnabrück;Stadt Osnabrück - FD Öffentliche Aufträge;Osnabrück;1301969.83;;45112714;60;https://ted.europa.eu/bg/notice/-/detail/477486-2026
477855-2026;2026-07-09T22:00:00.000Z;Deutschland – Dienstleistungen im Gartenbau – Mahd Gebrauchsrasen 2026;Stadt Braunschweig Fachbereich Bauordnung und Zentrale Vergabestelle;Braunschweig;0;;77300000;60;https://ted.europa.eu/bg/notice/-/detail/477855-2026
473955-2026;2026-07-08T22:00:00.000Z;Deutschland – Landschaftsgärtnerische Bauleistungen für Grünanlagen – Sanierung Adolph-Holm Kindergarten - Freianlagen 1. BA;Gemeinde Adendorf;Adendorf;;2026-08-11T09:00:00.000Z;45112710;83;https://ted.europa.eu/bg/notice/-/detail/473955-2026
474768-2026;2026-07-08T22:00:00.000Z;Deutschland – Landschaftsgärtnerische Bauleistungen für Grünanlagen – Neubau inklusives Schulzentrum Am Ellernholzteich, Greifswald;Universitäts- und Hansestadt Greifswald, Der Oberbürgermeister;Greifswald;;2026-08-11T08:00:00.000Z;45112710 45112700 45112723;83;https://ted.europa.eu/bg/notice/-/detail/474768-2026
472544-2026;2026-07-08T22:00:00.000Z;Deutschland – Dienstleistungen im Gartenbau – Geländepflege an der Niederlassung München des Deutschen Wetterdienstes (DWD);Deutscher Wetterdienst;Offenbach am Main;;;77300000;68;https://ted.europa.eu/bg/notice/-/detail/472544-2026
472883-2026;2026-07-08T22:00:00.000Z;Deutschland – Dienstleistungen im Gartenbau – Geländepflege an der Niederlassung Oberschleißheim des Deutschen Wetterdienstes (DWD);Deutscher Wetterdienst;Offenbach am Main;;;77300000;68;https://ted.europa.eu/bg/notice/-/detail/472883-2026
475247-2026;2026-07-08T22:00:00.000Z;Deutschland – Anpflanzungs- und Pflegearbeiten an Grünflächen – Grün- und Außenanlagenpflege, Winterdienst, Hausmeisterleistungen 7 Objekte aufgeteilt in 2 Lose;Land Hessen, vertreten durch das Hessische Competence Center -Beschaffungen-;Wiesbaden;;;77310000 77300000;68;https://ted.europa.eu/bg/notice/-/detail/475247-2026
473888-2026;2026-07-08T22:00:00.000Z;Deutschland – Landschaftsgärtnerische Bauleistungen für Parkanlagen – Neue Störschleife - Los 1: Wasserbau, Garten- und Landschaftsbau;Stadt Itzehoe;Itzehoe;;2026-08-31T08:00:00.000Z;45112711;63;https://ted.europa.eu/bg/notice/-/detail/473888-2026
472576-2026;2026-07-08T22:00:00.000Z;Deutschland – Landschaftsgärtnerische Bauleistungen für Gartenanlagen – Pflasterarbeiten;Bezirk Schwaben;86152;0.01;;45112712;40;https://ted.europa.eu/bg/notice/-/detail/472576-2026
469384-2026;2026-07-07T22:00:00.000Z;Deutschland – Baumpflege – Verkehrssicherungsarbeiten;Landesbetrieb Forst Brandenburg - Vergabemanagement Standort Eberswalde;Eberswalde;;2026-08-07T10:00:00.000Z;77211500;68;https://ted.europa.eu/bg/notice/-/detail/469384-2026
470789-2026;2026-07-07T22:00:00.000Z;Deutschland – Landschaftsgärtnerische Bauleistungen für Grünanlagen – 5.003.1 Freianlagen;Landratsamt Oberallgäu;Sonthofen;;2026-08-13T08:00:00.000Z;45112710;83;https://ted.europa.eu/bg/notice/-/detail/470789-2026
471485-2026;2026-07-07T22:00:00.000Z;Deutschland – Baustelleneinrichtung – Johannes-Keppler-Gymnasium - Landschaftsbauarbeiten - vorbereitende Maßnahmen 1-3;Stadt Garbsen Fachbereich 3 Abteilung 30 Zentrale Vergabestelle;Garbsen;;2026-08-12T06:00:00.000Z;45112710 45112700 45112723;83;https://ted.europa.eu/bg/notice/-/detail/471485-2026
468262-2026;2026-07-07T22:00:00.000Z;Deutschland – Fensterreinigung – BLB /Z /NL Aachen/Infrastrukturelle Gebäudedienstleistungen/Lose 2 und 6_100-26-00036;Bau- und Liegenschaftsbetrieb NRW Zentrale;Düsseldorf;1224349.05;;77314000;80;https://ted.europa.eu/bg/notice/-/detail/468262-2026
469943-2026;2026-07-07T22:00:00.000Z;Deutschland – Baum- und Heckenschnitt – SV-LEL-260703-003 - Ausschneidearbeiten im 1kV-Freileitungsnetz;SWM Infrastruktur GmbH & Co. KG;München;;2026-08-06T08:00:00.000Z;77340000;68;https://ted.europa.eu/bg/notice/-/detail/469943-2026
470918-2026;2026-07-07T22:00:00.000Z;Deutschland – Baumpflege – Stadt Königs Wusterhausen, Rahmenvereinbarung Baumpflege-/Baumfällmaßnahme in den Ortsteilen Zernsdorf und Kablow;Stadt Königs Wusterhausen, Dezernat Bildung und digitale Verwaltung, Amt Verwaltungsmanagement, Sachgebiet Vergabe- und Vertragsmanagement;Königs Wusterhausen;;2026-08-06T07:00:00.000Z;77211500 77211400;68;https://ted.europa.eu/bg/notice/-/detail/470918-2026
470754-2026;2026-07-07T22:00:00.000Z;Deutschland – Baumpflege – Baumwässerung 2026 im Stadtgebiet Nürnberg;Stadt Nürnberg - Servicebetrieb Öffentlicher Raum;Nürnberg;809.13;;77211500 77310000;60;https://ted.europa.eu/bg/notice/-/detail/470754-2026
468532-2026;2026-07-07T22:00:00.000Z;Deutschland – Abbrucharbeiten, Baureifmachung und Abräumung – NSW_503_Mauersanierung;Marzona Stiftung - Neue Saalecker Werkstätten;Naumburg OT Saaleck;;;45112712;48;https://ted.europa.eu/bg/notice/-/detail/468532-2026
465380-2026;2026-07-06T22:00:00.000Z;Deutschland – Landschaftsgärtnerische Bauleistungen für Grünanlagen – Straßen- und Tiefbauarbeiten - Landschaftsgärtnerische Arbeiten;Bezirksamt Spandau von Berlin;Berlin;565460.6;;45112710;80;https://ted.europa.eu/bg/notice/-/detail/465380-2026
465332-2026;2026-07-06T22:00:00.000Z;Deutschland – Dienstleistungen im Gartenbau – Trassenpflege 110kV Freileitungen;Hamburger Energienetze GmbH;Hamburg;3255000;2026-07-20T10:00:00.000Z;77300000;75;https://ted.europa.eu/bg/notice/-/detail/465332-2026
465079-2026;2026-07-06T22:00:00.000Z;Deutschland – Dienstleistungen im Gartenbau – Grünpflege LWL-Freilichtmuseum Detmold;LWL-Museum Hellerlecht;Detmold;;2026-08-04T09:00:00.000Z;77300000 77340000;68;https://ted.europa.eu/bg/notice/-/detail/465079-2026
465116-2026;2026-07-06T22:00:00.000Z;Deutschland – Anpflanzungs- und Pflegearbeiten an Grünflächen – Pflege Straßenbegleitgrün BV 2 für die Jahre 2027-2031;Stadt Mülheim an der Ruhr;Mülheim an der Ruhr;;2026-08-05T07:00:00.000Z;77310000 77300000;68;https://ted.europa.eu/bg/notice/-/detail/465116-2026
465156-2026;2026-07-06T22:00:00.000Z;Deutschland – Rodung – Rahmenvertrag Gehölzpflegemaßnahmen im FB II.2;RVR Ruhr Grün;Essen;;2026-08-06T09:00:00.000Z;77211500 77211300 77211400;68;https://ted.europa.eu/bg/notice/-/detail/465156-2026
466845-2026;2026-07-06T22:00:00.000Z;Deutschland – Anpflanzungs- und Pflegearbeiten an Grünflächen – Gärtnerische Pflegearbeiten an der Universität Duisburg Essen und Außenliegenschaften;Universität Duisburg-Essen;Duisburg;;;77310000 77314000 77340000;68;https://ted.europa.eu/bg/notice/-/detail/466845-2026
460668-2026;2026-07-05T22:00:00.000Z;Deutschland – Anpflanzungs- und Pflegearbeiten an Grünflächen – Offenes Verfahren (EU-weit) Grünpflegearbeiten in 4 Losen für Bundesliegenschaften in Thüringen – Erfurt, Bad Salzungen, Suhl, Direktion Erfurt - VOEK 527-25;Bundesanstalt für Immobilienaufgaben;Bonn;;2026-08-20T07:00:00.000Z;77310000 77314000 77342000;83;https://ted.europa.eu/bg/notice/-/detail/460668-2026
461163-2026;2026-07-05T22:00:00.000Z;Deutschland – Dienstleistungen im Gartenbau – Freiflächenpflege und -instandsetzung in Wohnanlagen der Zusatzversorgungskasse der Stadt Hannover;Landeshauptstadt Hannover - Zusatzversorgungskasse;Hannover;1300000;2026-08-05T07:00:00.000Z;77300000;80;https://ted.europa.eu/bg/notice/-/detail/461163-2026
461597-2026;2026-07-05T22:00:00.000Z;Deutschland – Fundamentierungsarbeiten – Neubau Feuerwehrgerätehaus FFw Schwaan;Zentrale Vergabestelle Stadt und Amt Schwaan;Schwaan;1516942;2026-08-02T21:59:00.000Z;45112710 45112700;80;https://ted.europa.eu/bg/notice/-/detail/461597-2026
463353-2026;2026-07-05T22:00:00.000Z;Deutschland – Dienstleistungen im Gartenbau – Rahmenvereinbarung zur Pflege und Instandhaltung von Pflanz- und anderen Außenflächen der Liegenschaften der TH Köln (2026-2030);Technische Hochschule Köln;Köln;921661;2026-08-04T10:00:00.000Z;77300000;80;https://ted.europa.eu/bg/notice/-/detail/463353-2026
464447-2026;2026-07-05T22:00:00.000Z;Deutschland – Anpflanzungs- und Pflegearbeiten an Grünflächen – Pflanzenüberlassung und Pflanzenpflege PREVIER 2025-13a;Berufsgenossenschaft für Gesundheitsdienst und Wohlfahrtspflege (BGW);Hamburg;138003;;77310000;80;https://ted.europa.eu/bg/notice/-/detail/464447-2026
464749-2026;2026-07-05T22:00:00.000Z;Deutschland – Landschaftsgärtnerische Bauleistungen für Grünanlagen – Erweiterung Waldschule, Garten- und Landschaftsbau;Stadt Walldorf;Walldorf;3352455.61;;45112710;80;https://ted.europa.eu/bg/notice/-/detail/464749-2026
460757-2026;2026-07-05T22:00:00.000Z;"Deutschland – Bau von Laborgebäuden – LAVES Haus 1 Braunschweig; Ersatzneubau";Land Niedersachsen vertreten durch das Staatliche Baumanagement Niedersachsen;Hannover;;;45112710;68;https://ted.europa.eu/bg/notice/-/detail/460757-2026
461314-2026;2026-07-05T22:00:00.000Z;Deutschland – Landschaftsgärtnerische Bauleistungen für Grünanlagen – Rahmenvereinbarung GaLaBau 2026-2029_Bezirk OST;Stadt Frankfurt am Main, Grünflächenamt;Frankfurt am Main;;2026-08-04T07:00:00.000Z;45112710 45112730 45112700;68;https://ted.europa.eu/bg/notice/-/detail/461314-2026
461653-2026;2026-07-05T22:00:00.000Z;Deutschland – Gestrüppentfernungsarbeiten – Kreuzungsfreier Ausbau Frankenschnellweg, Abschnitt West: Vorabmaßnahme Fällungen;Stadt Nürnberg - Servicebetrieb Öffentlicher Raum;Nürnberg;;2026-08-04T07:00:00.000Z;77211500 77211100 77211400;68;https://ted.europa.eu/bg/notice/-/detail/461653-2026
462174-2026;2026-07-05T22:00:00.000Z;Deutschland – Landschaftsgärtnerische Arbeiten – Sanierung und Erweiterung der Karl-Brauckmann-Schule: Außenanlagen;Kreis Unna - Der Landrat;Unna;;;45112710 45112700;68;https://ted.europa.eu/bg/notice/-/detail/462174-2026
462386-2026;2026-07-05T22:00:00.000Z;Deutschland – Dienstleistungen im Gartenbau – Bahnstadt - Pflege der Ausgleichs- und Ersatzmaßnahmen 2026-27 in drei Losen;Stadt Heidelberg, Landschafts- und Forstamt;Heidelberg;;2026-08-04T08:00:00.000Z;77300000;68;https://ted.europa.eu/bg/notice/-/detail/462386-2026
463480-2026;2026-07-05T22:00:00.000Z;Deutschland – Pflege von Parkanlagen – Laubbeseitigung 2026-2027;Stadt Frankfurt am Main, Grünflächenamt;Frankfurt am Main;;2026-08-04T10:00:00.000Z;77313000 77310000;68;https://ted.europa.eu/bg/notice/-/detail/463480-2026
464289-2026;2026-07-05T22:00:00.000Z;Deutschland – Landschaftsgärtnerische Bauleistungen für Grünanlagen – Technisches Rathaus - Außenanlagen;Landeshauptstadt Erfurt, Stadtverwaltung, Stadtkämmerei-Verdingungsstelle;Erfurt;;2026-08-04T07:30:00.000Z;45112710;68;https://ted.europa.eu/bg/notice/-/detail/464289-2026
461768-2026;2026-07-05T22:00:00.000Z;Deutschland – Bau von Fußwegen – Bau von Wegen und Wasserläufen im Talraum des Stadtgrabens in 78628 Rottweil;Landesgartenschau Rottweil 2028 gGmbH;Rottweil;;2026-08-04T08:00:00.000Z;45112711;48;https://ted.europa.eu/bg/notice/-/detail/461768-2026
458536-2026;2026-07-02T22:00:00.000Z;Deutschland – Landschaftsgärtnerische Bauleistungen für Grünanlagen – Landschaftsbauarbeiten 1;Staatliches Bauamt München 2;München;495067;;45112710;80;https://ted.europa.eu/bg/notice/-/detail/458536-2026
458770-2026;2026-07-02T22:00:00.000Z;Deutschland – Bauarbeiten für Schwimmbäder – Tief- und Landschaftsbauarbeiten / Regionalbad Anbau;Zweckverband Regionalbad Bingen-Ingelheim;Bingen am Rhein;521968.48;;77310000;80;https://ted.europa.eu/bg/notice/-/detail/458770-2026
459013-2026;2026-07-02T22:00:00.000Z;Deutschland – Dienstleistungen im Gartenbau – Grünpflege;Stadt Willich, Der Bürgermeister;Willich;569553.98;;77300000;80;https://ted.europa.eu/bg/notice/-/detail/459013-2026
457196-2026;2026-07-02T22:00:00.000Z;Deutschland – Grundstückspflege – Grünanlagenpflege in Umspannwerken (5 Lose);SachsenEnergie AG;Dresden;;;77314000 77312000 77342000 77341000 77312100;68;https://ted.europa.eu/bg/notice/-/detail/457196-2026
459395-2026;2026-07-02T22:00:00.000Z;Deutschland – Landschaftsgärtnerische Arbeiten – GaLaBauarbeiten;Sprinkenhof GmbH;Hamburg;12611340;2026-07-21T11:00:00.000Z;45112700 45112712;45;https://ted.europa.eu/bg/notice/-/detail/459395-2026
453965-2026;2026-07-01T22:00:00.000Z;Deutschland – Baumpflege – Vergabe der Baumpflege in der Gemeinde Stuhr 2026-2027;Gemeinde Stuhr;Stuhr;376000;2026-08-05T07:00:00.000Z;77211500;80;https://ted.europa.eu/bg/notice/-/detail/453965-2026
454076-2026;2026-07-01T22:00:00.000Z;Deutschland – Landschaftsgärtnerische Bauleistungen für Grünanlagen – Los 25 LT02 Außenanlagen / Förderschule Eisleben;Landkreis Mansfeld-Südharz;Sangerhausen;;;45112710;68;https://ted.europa.eu/bg/notice/-/detail/454076-2026
456318-2026;2026-07-01T22:00:00.000Z;Deutschland – Landschaftsgärtnerische Arbeiten – Polder Bellenkopf/Rappenwört VP906b: Landschaftsbauarbeiten 2.BA;Land Baden-Württemberg, vertreten durch das Regierungspräsidium Karlsruhe - Referat 53.2;Karlsruhe;;2026-07-29T09:00:00.000Z;45112710 45112700;63;https://ted.europa.eu/bg/notice/-/detail/456318-2026
456364-2026;2026-07-01T22:00:00.000Z;Deutschland – Landschaftsgärtnerische Bauleistungen für Grünanlagen – Benediktinerabtei Niederalteich_Instandsetzung u. Umbau ehem. Fassboden_5010-01 Außenanlagen;Gemeinde Niederalteich;Niederalteich;;2026-08-05T08:00:00.000Z;45112710;68;https://ted.europa.eu/bg/notice/-/detail/456364-2026
456469-2026;2026-07-01T22:00:00.000Z;Deutschland – Pflege von Parkanlagen – Laubbeseitigung 2026-2027;Stadt Frankfurt am Main, Grünflächenamt;Frankfurt am Main;;2026-08-04T10:00:00.000Z;77313000 77310000;68;https://ted.europa.eu/bg/notice/-/detail/456469-2026
455107-2026;2026-07-01T22:00:00.000Z;Deutschland – Fällen von Bäumen – Rahmenvereinbarung zur Baumpflege auf städtischen Liegenschaften der Stadt Hamm;Stadt Hamm, Bauverwaltungsamt, Zentrales Beschaffungsmanagement;Hamm;;2026-07-08T04:00:00.000Z;77211500 77211400;63;https://ted.europa.eu/bg/notice/-/detail/455107-2026
455968-2026;2026-07-01T22:00:00.000Z;"Deutschland – Dachabdichtungs- und -dämmarbeiten – Neubau Schule und Freianlagen ""Hand in Hand"", mit dem sonderpädagogischen Schwerpunkt ""geistige Entwicklung"" - Los 08 Dachabdichtungs-/Dachklempnerarbeiten";Landkreis Oberspreewald-Lausitz;Senftenberg;1060599.21;;45112713;60;https://ted.europa.eu/bg/notice/-/detail/455968-2026
449776-2026;2026-06-30T22:00:00.000Z;Deutschland – Baumpflege – RV Baumpflege im Stadtgebiet Dresden 2026 - 2030;Landeshauptstadt Dresden, GB Umwelt und Klima, Recht und Ordnung, Amt f. Stadtgrün u. Abfallwirtschaft;Dresden;;;77211500 77313000 77211400 77341000 77211300;68;https://ted.europa.eu/bg/notice/-/detail/449776-2026
450998-2026;2026-06-30T22:00:00.000Z;Deutschland – Landschaftsgärtnerische Bauleistungen für Grünanlagen – Freianlagen Kurpark Königstein im Taunus;Magistrat der Stadt Königstein im Taunus;Königstein im Taunus;;2026-07-23T08:00:00.000Z;45112710 45112711;63;https://ted.europa.eu/bg/notice/-/detail/450998-2026
451360-2026;2026-06-30T22:00:00.000Z;Deutschland – Dachabdichtungs- und -dämmarbeiten – Dachabdichtung, - begrünung;Stadt Erlangen - Zentrale Vergabestelle;Erlangen;383515.85;;45112713;60;https://ted.europa.eu/bg/notice/-/detail/451360-2026
451318-2026;2026-06-30T22:00:00.000Z;Deutschland – Landschaftsgärtnerische Arbeiten – FIB - Neubau 3-grp. Hort, 1-fach Sporthalle und Fachraumerweiterung Grundschule - Landschaftsbauarbeiten Dacheingrünung;Stadt Nürnberg vertreten durch WBG KOMMUNAL GmbH;Nürnberg;;2026-08-03T07:10:00.000Z;45112700 45112713;48;https://ted.europa.eu/bg/notice/-/detail/451318-2026
452293-2026;2026-06-30T22:00:00.000Z;Deutschland – Landschaftsgärtnerische Arbeiten – 301_2-501 RBB Neugestaltung Tribünenanlage am Baldeneysee in Essen - hier: GaLaBauarbeiten;Sport- und Bäderbetriebe Essen, Verfahrensbegleitung durch die GVE Grundstücksverwaltung Stadt Essen GmbH;Essen;;2026-07-30T08:00:00.000Z;45112700 45112720 77314100;48;https://ted.europa.eu/bg/notice/-/detail/452293-2026
446209-2026;2026-06-29T22:00:00.000Z;Deutschland – Anpflanzungs- und Pflegearbeiten an Grünflächen – Gärtnerische Pflegearbeiten für die Flächenbezirke der Landeshauptstadt Saarbrücken;Landeshauptstadt Saarbrücken, , Amt für Stadtgrün und Friedhöfe;Saarbrücken;596607.54;;77310000;80;https://ted.europa.eu/bg/notice/-/detail/446209-2026
448932-2026;2026-06-29T22:00:00.000Z;Deutschland – Bauarbeiten für Entwässerungsanlagen – 216_6-500 HBB Neubau Hallenbad Essen-Borbeck hier: Außenanlagen;Stadt Essen, vertreten durch die GVE Grundstücksverwaltung Stadt Essen GmbH;Essen;1369961.98;;77310000 45112700 45112720 77314100;80;https://ted.europa.eu/bg/notice/-/detail/448932-2026
446405-2026;2026-06-29T22:00:00.000Z;Deutschland – Dienstleistungen im Gartenbau – Bewässerung von Bäumen und Stauden in Remscheid;Stadt Remscheid, Fachdienst Recht und Vergabe, Abteilung Zentrale Vergabestelle;Remscheid;;;77300000;68;https://ted.europa.eu/bg/notice/-/detail/446405-2026
448140-2026;2026-06-29T22:00:00.000Z;Deutschland – Anpflanzungs- und Pflegearbeiten an Grünflächen – Durchführung von Grünlandpflegearbeiten an Schulen des Landkreises Sächsische Schweiz-Osterzgebirge;Landkreis Sächsische Schweiz-Osterzgebirge;Pirna;;;77310000;68;https://ted.europa.eu/bg/notice/-/detail/448140-2026
446124-2026;2026-06-29T22:00:00.000Z;Deutschland – Bau von Konstruktionen und baulichen Anlagen – Nationales Hockey-Trainingszentrum Kaltlufthalle - Hallenbauwerk - VE3-03;EWMG – Entwicklungsgesellschaft der Stadt Mönchengladbach mbH;Mönchengladbach;;2026-08-03T09:00:00.000Z;45112713;48;https://ted.europa.eu/bg/notice/-/detail/446124-2026
446707-2026;2026-06-29T22:00:00.000Z;Deutschland – Landschaftsgärtnerische Bauleistungen für Gartenanlagen – Generalinstandsetzung Landschaftsbau;Staatliches Bauamt Bamberg;Bamberg;;2026-08-04T06:30:00.000Z;45112712;48;https://ted.europa.eu/bg/notice/-/detail/446707-2026
445459-2026;2026-06-28T22:00:00.000Z;Deutschland – Landschaftsgärtnerische Bauleistungen für Grünanlagen – Gymnasium Johanneum - Außenanlagen 1+2.BA.;Hansestadt Lüneburg;Lüneburg;2955000;2026-07-28T07:15:00.000Z;45112710;80;https://ted.europa.eu/bg/notice/-/detail/445459-2026
442435-2026;2026-06-28T22:00:00.000Z;Deutschland – Landschaftsgärtnerische Bauleistungen für Grünanlagen – 500.05 Freianlagen Haltoner Str.;Senatsverwaltung für Stadtentwicklung, Bauen und Wohnen, V M 1 - Vergabestelle für den Öffentlichen Hochbau;Berlin;;2026-08-03T09:30:00.000Z;45112710;68;https://ted.europa.eu/bg/notice/-/detail/442435-2026
443222-2026;2026-06-28T22:00:00.000Z;Deutschland – Landschaftsgärtnerische Arbeiten – Rodungsarbeiten IQREK;Rhein-Erft-Kreis;Bergheim;;2026-07-28T08:00:00.000Z;45112710 45112700;68;https://ted.europa.eu/bg/notice/-/detail/443222-2026
444010-2026;2026-06-28T22:00:00.000Z;Deutschland – Landschaftsgärtnerische Bauleistungen für Dachbegrünungen – Kreishaus Osnabrück / Umfassende Gebäudesanierung und Modernisierung (1. BA) - Außenanlagen (VE 1.501);Landkreis Osnabrück - Abt. 13.3 Zentrale Vergabestelle;Osnabrück;;2026-07-28T10:00:00.000Z;45112710 45112713;68;https://ted.europa.eu/bg/notice/-/detail/444010-2026
444843-2026;2026-06-28T22:00:00.000Z;Deutschland – Baumpflege – Baumkontrolle zur Überprüfung der Verkehrssicherheit;Stiftung Naturschutz Schleswig-Holstein;Molfsee;;2026-07-28T09:00:00.000Z;77211500;68;https://ted.europa.eu/bg/notice/-/detail/444843-2026
442549-2026;2026-06-28T22:00:00.000Z;Deutschland – Landschaftsgärtnerische Bauleistungen für Grünanlagen – BKE, Erweiterungsbau - Landschaftsbauarbeiten nach DIN 18 320 - Vergabe 2567/2025;Bundesamt für Bauwesen und Raumordnung, in Vertretung für die Bundesrepublik Deutschland;Berlin;;2026-07-14T09:00:00.000Z;45112710;63;https://ted.europa.eu/bg/notice/-/detail/442549-2026
444839-2026;2026-06-28T22:00:00.000Z;Deutschland – Landschaftsgärtnerische Bauleistungen für Gartenanlagen – KTLH - Kita Ludwigshöhviertel / Garten-und Landschaftsbauarbeiten;Wissenschaftsstadt Darmstadt vertr. durch Darmstädter Stadtentwicklungs GmbH & Co.KG (DSE);Darmstadt;479016.55;;45112712;60;https://ted.europa.eu/bg/notice/-/detail/444839-2026
445109-2026;2026-06-28T22:00:00.000Z;Deutschland – Bauarbeiten – Haus B VE 501 Außenanlagen;Studierendenwerk Thüringen;Jena;360000;2026-07-31T08:00:00.000Z;45112712 45112700;60;https://ted.europa.eu/bg/notice/-/detail/445109-2026
